id,name,room,trigger,target,start,end,need,plot,time,reward,use,goal,plan_b,action,record
E_INVITE,邀请函,,flow,,,,,P_INVITE,0,,,G_INVITE,,none,
E_ARRIVE,管家接待,,flow,,,,G_INVITE,P_ARRIVE,15,I_TAPE;I_BLANK,,G_ARRIVE,,none,
E_TUTORIAL,房间磁带引导,,flow,,,,G_ARRIVE;I_TAPE,P_TUTORIAL,0,,,G_TUTORIAL,,none,
E_LIVE,访客现场证词,R_STUDY,interact,HS_VISITOR,08:00,22:00,G_TUTORIAL,P_LIVE,5,C_PATH,,G_LIVE,,none,REC_PERSONAL
E_MAINT,检查维护簿,R_STUDY,interact,HS_BOOK,08:00,22:00,G_TUTORIAL,P_MAINT,5,C_PROOF;C_ROOM,,G_MAINT,,none,
E_MISS,限时登记信息,R_HALL,interact,HS_DESK,18:45,19:10,G_TUTORIAL,P_MISS,0,C_REGISTER,,G_MISS,E_BACK,none,
E_BACK,备用登记留言,R_HALL,interact,HS_DESK,00:00,24:00,G_TUTORIAL,P_BACK,0,C_REGISTER,,G_MISS,,none,
E_REWARD_ANCHOR,ANCHOR验证奖励,,reward,,,,,P_REWARD_ANCHOR,0,V_RETURN,,G_REWARD_ANCHOR,,none,
E_REWARD_LOCATION,LOCATION验证奖励,,reward,,,,,P_REWARD_LOCATION,0,V_STUDY,,G_REWARD_LOCATION,,none,
E_REWARD_CALIBRATE,CALIBRATE验证奖励,,reward,,,,,P_REWARD_CALIBRATE,0,C_TIME,,G_REWARD_CALIBRATE,,none,
E_REWARD_PATH,PATH验证奖励,,reward,,,,,P_REWARD_PATH,0,V_REGISTER,,G_REWARD_PATH,,none,
E_REWARD_TIMELINE,TIMELINE验证奖励,,reward,,,,,P_REWARD_TIMELINE,0,,,G_REWARD_TIMELINE,,none,
E_END,真相重构,,reward,,,,,P_END,0,,,G_END,,ending,
