id,group,order,speaker,text,at,anchor,link_entry
L_INVITE_1,P_INVITE,1,旁白,一封邀请函将你带到古堡。这是一宗用于联调的示例案件：访客为何两次出现在大厅？,,false,
L_INVITE_2,P_INVITE,2,旁白,请结合录音、维护记录和访客证词完成调查。正式案件剧情待策划替换。,,false,
L_ARRIVE_1,P_ARRIVE,1,管家,请收下地图。回到二楼房间，先听剧情磁带，再到书房调查。,,false,I_MAP
L_ARRIVE_2,P_ARRIVE,2,旁白,接待用时十五分钟；中央设备保留了今晚的测试录音。,,false,
L_TUTORIAL_1,P_TUTORIAL,1,旁白,在女主房间使用放音机，选择剧情磁带。请完整播放指定录音后回来点击继续。,,false,
L_TAPE_1,P_TAPE,1,旁白,这里记录的是访客的留言。,0,false,
L_TAPE_2,P_TAPE,2,旁白,我离开大厅去了二楼书房，随后又回到大厅。,3,false,
L_TAPE_3,P_TAPE,3,旁白,书房维护簿记录着参考设备的检修结果。,6,false,
L_LIVE_1,P_LIVE,1,访客,我先在大厅登记，然后上楼去书房，最后返回大厅。,0,false,
L_LIVE_2,P_LIVE,2,访客,第二次回到大厅时，钟敲过一次；随后才听见金属箱落地。,3,false,
L_LIVE_3,P_LIVE,3,旁白,这段证词已由随身录音笔记录。,6,false,
L_MAINT_1,P_MAINT,1,记录,维护记录证明频道A与标准时钟一致。,,false,C_PROOF
L_MAINT_2,P_MAINT,2,旁白,频道B的窗旁录音含翻页声，与书房环境对应。,,false,
L_MISS_1,P_MISS,1,旁白,访客留下了大厅登记信息。当天错过也可通过备用留言领取。,,false,
L_BACK_1,P_BACK,1,旁白,访客已经离开，登记台留下相同内容的备忘录。,,false,
L_A_1,P_A,1,声响,整点钟响之后，金属箱突然坠地。,0,true,
L_A_2,P_A,2,旁白,参考时钟记录了这次声响。,3,false,
L_B_1,P_B,1,声响,整点钟响之后，远处传来同一次金属撞击。,0,true,
L_B_2,P_B,2,环境,近处有人合上书本；窗边风声持续。,3,false,
L_C_1,P_C,1,声响,稍后，工作人员再次试敲空箱——这是第二次声响。,0,true,
L_C_2,P_C,2,旁白,该声响并非访客听到的第一次撞击。,3,false,
L_REL_1,P_REL,1,旁白,先登记，才有离开大厅前往书房的行程。,,false,
L_REL_2,P_REL,2,旁白,书房停留结束后，访客返回大厅听见第一次撞击。,,false,
L_END_1,P_END,1,旁白,分散的录音逐渐重合。,0,false,
L_END_2,P_END,2,旁白,校正后的时钟表明，这些片段可以放在同一条时间线上。,3,false,
L_END_3,P_END,3,旁白,访客先登记，随后查阅书房，再返回大厅；第二次试敲声不属于这段行程。,6,false,
L_REWARD_ANCHOR_1,P_REWARD_ANCHOR,1,旁白,已验证同一次声响，干扰声响已排除。,,false,
L_REWARD_LOCATION_1,P_REWARD_LOCATION,1,旁白,设备位置已确认，今后显示已知房间。,,false,
L_REWARD_CALIBRATE_1,P_REWARD_CALIBRATE,1,旁白,设备B慢了三分钟，报告时间加三分钟得到校正时间。,,false,
L_REWARD_PATH_1,P_REWARD_PATH,1,旁白,已验证访客由大厅到书房再返回大厅。,,false,
L_REWARD_TIMELINE_1,P_REWARD_TIMELINE,1,旁白,事件先后关系已确定，可选择最终推论。,,false,
